{
  "train_frame": {
    "overall": {
      "n": 868421,
      "RMSE": 13.70177774754993,
      "MAE": 10.25315032491322,
      "R2": 0.31126877587305435
    },
    "language": {
      "English": {
        "n": 704103,
        "RMSE": 13.954924692868223,
        "MAE": 10.374468231603174,
        "R2": 0.312709757030883
      },
      "Tamil": {
        "n": 164318,
        "RMSE": 12.559399425964996,
        "MAE": 9.733302821571423,
        "R2": 0.2810245508292366
      }
    },
    "gender": {
      "F": {
        "n": 355953,
        "RMSE": 15.120173401149852,
        "MAE": 11.257670570752033,
        "R2": -0.0324766695054195
      },
      "M": {
        "n": 512468,
        "RMSE": 12.623129543451354,
        "MAE": 9.555424818019006,
        "R2": 0.3900113756333756
      }
    }
  },
  "train_recording": {
    "overall": {
      "n": 7025,
      "RMSE": 14.844968543345313,
      "MAE": 10.975980313664229,
      "R2": 0.24705470471355795
    },
    "language": {
      "English": {
        "n": 5781,
        "RMSE": 15.074685793522507,
        "MAE": 11.056166815976333,
        "R2": 0.23755594071348163
      },
      "Tamil": {
        "n": 1244,
        "RMSE": 13.727099059482127,
        "MAE": 10.60334512888427,
        "R2": 0.2707088693999582
      }
    },
    "gender": {
      "F": {
        "n": 2959,
        "RMSE": 16.026401429115975,
        "MAE": 11.829987069890885,
        "R2": -0.037354393269892094
      },
      "M": {
        "n": 4066,
        "RMSE": 13.922303935635249,
        "MAE": 10.354483512957227,
        "R2": 0.31383900232382467
      }
    }
  },
  "val_frame": {
    "overall": {
      "n": 194387,
      "RMSE": 22.185655089666525,
      "MAE": 15.6182966083499,
      "R2": -0.024871784140580777
    },
    "language": {
      "English": {
        "n": 156698,
        "RMSE": 19.90601095826996,
        "MAE": 14.936618102307532,
        "R2": -0.0043649256668496506
      },
      "Tamil": {
        "n": 37689,
        "RMSE": 29.852091365165574,
        "MAE": 18.452483202311715,
        "R2": -0.12941500825869268
      }
    },
    "gender": {
      "F": {
        "n": 92183,
        "RMSE": 26.192304367785606,
        "MAE": 17.608504955792096,
        "R2": -0.24679346848157602
      },
      "M": {
        "n": 102204,
        "RMSE": 17.815020568932603,
        "MAE": 13.823226199243956,
        "R2": -0.024337291897788882
      }
    }
  },
  "val_recording": {
    "overall": {
      "n": 1588,
      "RMSE": 22.62283847538623,
      "MAE": 15.816309859230175,
      "R2": -0.026599154175769302
    },
    "language": {
      "English": {
        "n": 1330,
        "RMSE": 20.232139774483333,
        "MAE": 14.825893752019208,
        "R2": -0.005162268983825102
      },
      "Tamil": {
        "n": 258,
        "RMSE": 32.24815907486173,
        "MAE": 20.921943280123926,
        "R2": -0.16697171324921567
      }
    },
    "gender": {
      "F": {
        "n": 699,
        "RMSE": 28.184276674917964,
        "MAE": 19.328006979051406,
        "R2": -0.3039954999149319
      },
      "M": {
        "n": 889,
        "RMSE": 17.018283574806734,
        "MAE": 13.055144182340367,
        "R2": -0.015912096589448366
      }
    }
  },
  "test_frame": {
    "overall": {
      "n": 189504,
      "RMSE": 15.60760297205535,
      "MAE": 12.057396976257731,
      "R2": -0.17075835941358952
    },
    "language": {
      "English": {
        "n": 146195,
        "RMSE": 14.966438718020713,
        "MAE": 11.802478762337373,
        "R2": -0.175385866341369
      },
      "Tamil": {
        "n": 43309,
        "RMSE": 17.600273137861873,
        "MAE": 12.917905606890786,
        "R2": -0.30790522190788083
      }
    },
    "gender": {
      "F": {
        "n": 62979,
        "RMSE": 18.038973948029103,
        "MAE": 13.393746725971065,
        "R2": -0.6261372505046896
      },
      "M": {
        "n": 126525,
        "RMSE": 14.243486860270618,
        "MAE": 11.392216412043576,
        "R2": -0.4527881642031202
      }
    }
  },
  "test_recording": {
    "overall": {
      "n": 1421,
      "RMSE": 16.009664439521263,
      "MAE": 12.273943391675097,
      "R2": -0.05531765406505773
    },
    "language": {
      "English": {
        "n": 1104,
        "RMSE": 15.30696813012386,
        "MAE": 12.036687139151752,
        "R2": -0.059691455066781085
      },
      "Tamil": {
        "n": 317,
        "RMSE": 18.24688559516909,
        "MAE": 13.100223842103398,
        "R2": -0.1988674462961888
      }
    },
    "gender": {
      "F": {
        "n": 502,
        "RMSE": 17.515665409746653,
        "MAE": 12.673750812788883,
        "R2": -0.4620365263058308
      },
      "M": {
        "n": 919,
        "RMSE": 15.123817220084561,
        "MAE": 12.05555021931479,
        "R2": -0.19844044526212024
      }
    }
  }
}