{
  "train_recording": {
    "overall": {
      "n": 7025,
      "RMSE": 8.040337235952588,
      "MAE": 6.141318050398097,
      "R2": 0.7791215275419794
    },
    "language": {
      "English": {
        "n": 3656,
        "RMSE": 8.662900050396269,
        "MAE": 6.525658507315804,
        "R2": 0.7713635868424258
      },
      "Tamil": {
        "n": 3369,
        "RMSE": 7.304953745583266,
        "MAE": 5.724236212911857,
        "R2": 0.7709094074129152
      }
    },
    "gender": {
      "F": {
        "n": 2959,
        "RMSE": 7.7991182650846325,
        "MAE": 5.739589927082894,
        "R2": 0.7543333922151754
      },
      "M": {
        "n": 4066,
        "RMSE": 8.211428855091581,
        "MAE": 6.433672579884002,
        "R2": 0.7613061242281478
      }
    }
  },
  "val_recording": {
    "overall": {
      "n": 1588,
      "RMSE": 21.76125032988855,
      "MAE": 16.04614827134447,
      "R2": 0.05010762293889237
    },
    "language": {
      "English": {
        "n": 785,
        "RMSE": 19.85575128143465,
        "MAE": 14.696503968451433,
        "R2": 0.06270799985883113
      },
      "Tamil": {
        "n": 803,
        "RMSE": 23.474998677222786,
        "MAE": 17.36553902821998,
        "R2": 0.028056117678840753
      }
    },
    "gender": {
      "F": {
        "n": 699,
        "RMSE": 26.01473403261031,
        "MAE": 18.765127757758712,
        "R2": -0.1109668133106918
      },
      "M": {
        "n": 889,
        "RMSE": 17.713534031080467,
        "MAE": 13.908278011497952,
        "R2": -0.10061404756782766
      }
    }
  },
  "test_recording": {
    "overall": {
      "n": 1421,
      "RMSE": 15.201388795875673,
      "MAE": 11.646698110796548,
      "R2": 0.04855151596131635
    },
    "language": {
      "English": {
        "n": 712,
        "RMSE": 14.770985115970184,
        "MAE": 11.210076621409213,
        "R2": 0.012316079257533308
      },
      "Tamil": {
        "n": 709,
        "RMSE": 15.621684486717658,
        "MAE": 12.085167081803293,
        "R2": 0.06396002949869539
      }
    },
    "gender": {
      "F": {
        "n": 502,
        "RMSE": 15.476753268802806,
        "MAE": 11.28139913794529,
        "R2": -0.14147041530247284
      },
      "M": {
        "n": 919,
        "RMSE": 15.048844335275183,
        "MAE": 11.84624118410594,
        "R2": -0.18658790441938677
      }
    }
  }
}