{
  "overall": {
    "n": 10034,
    "RMSE": 17.803833040872565,
    "MAE": 13.44249439239502,
    "R2": 0.0060340166091918945
  },
  "by_language": {
    "English": {
      "n": 5153,
      "RMSE": 18.263605768147123,
      "MAE": 13.72104549407959,
      "R2": -0.013210415840148926
    },
    "Tamil": {
      "n": 4881,
      "RMSE": 17.305188339253384,
      "MAE": 13.148418426513672,
      "R2": -0.024062752723693848
    }
  },
  "by_gender": {
    "F": {
      "n": 4160,
      "RMSE": 18.781683029793697,
      "MAE": 13.310649871826172,
      "R2": -0.1524902582168579
    },
    "M": {
      "n": 5874,
      "RMSE": 17.077479009111403,
      "MAE": 13.53586483001709,
      "R2": -0.07895255088806152
    }
  },
  "fold_mean_frame_rmse": 16.794071766388672,
  "fold_std_frame_rmse": 3.406875560074343,
  "fold_mean_rec_rmse": 17.49750485158172,
  "fold_std_rec_rmse": 2.9149303205165555,
  "mean_dummy_rmse": 16.929824414510115
}