{
  "speaker_id": 5,
  "language": "English",
  "gender": "F",
  "train_frame": {
    "n": 13179,
    "RMSE": 4.905186420109859,
    "MAE": 3.675122924545338,
    "R2": 0.45283769114838257
  },
  "train_recording": {
    "n": 102,
    "RMSE": 5.709087451401528,
    "MAE": 4.211251576741536,
    "R2": 0.54139909659602
  },
  "test_frame": {
    "n": 3703,
    "RMSE": 5.1138233931291595,
    "MAE": 4.2832514808978255,
    "R2": -0.09488159363285553
  },
  "test_recording": {
    "n": 26,
    "RMSE": 5.439133692128362,
    "MAE": 4.606648665208083,
    "R2": -9.514011560884938e-05
  }
}