{
  "train_frame": {
    "overall": {
      "n": 868421,
      "RMSE": 9.15094545845996,
      "MAE": 7.126544890407443,
      "R2": 0.6927952907443067
    },
    "language": {
      "English": {
        "n": 704103,
        "RMSE": 9.169953103021118,
        "MAE": 7.091127377212033,
        "R2": 0.7032303985908883
      },
      "Tamil": {
        "n": 164318,
        "RMSE": 9.06904658200249,
        "MAE": 7.278309014200501,
        "R2": 0.625113690230322
      }
    },
    "gender": {
      "F": {
        "n": 355953,
        "RMSE": 9.081878325709113,
        "MAE": 6.954078881280341,
        "R2": 0.6275070464496746
      },
      "M": {
        "n": 512468,
        "RMSE": 9.198613316957006,
        "MAE": 7.246337332758612,
        "R2": 0.6760840130778086
      }
    }
  },
  "train_recording": {
    "overall": {
      "n": 7025,
      "RMSE": 9.7434085028644,
      "MAE": 7.599613729456566,
      "R2": 0.6756404546093917
    },
    "language": {
      "English": {
        "n": 5781,
        "RMSE": 9.72906161256272,
        "MAE": 7.53313720747996,
        "R2": 0.6824198461327067
      },
      "Tamil": {
        "n": 1244,
        "RMSE": 9.809804710850596,
        "MAE": 7.9085371808607094,
        "R2": 0.6275533092240905
      }
    },
    "gender": {
      "F": {
        "n": 2959,
        "RMSE": 9.458568636972249,
        "MAE": 7.271792825310164,
        "R2": 0.638668389768821
      },
      "M": {
        "n": 4066,
        "RMSE": 9.945571235703458,
        "MAE": 7.838182852764289,
        "R2": 0.6498426295413482
      }
    }
  },
  "val_frame": {
    "overall": {
      "n": 194387,
      "RMSE": 21.52254259099649,
      "MAE": 15.997713237162086,
      "R2": 0.03547791859402494
    },
    "language": {
      "English": {
        "n": 156698,
        "RMSE": 19.488830959770954,
        "MAE": 15.086177389337728,
        "R2": 0.03729187389394395
      },
      "Tamil": {
        "n": 37689,
        "RMSE": 28.460334578308213,
        "MAE": 19.787568215600924,
        "R2": -0.026559279026196814
      }
    },
    "gender": {
      "F": {
        "n": 92183,
        "RMSE": 24.35037316234332,
        "MAE": 17.241070671450256,
        "R2": -0.07760188630089448
      },
      "M": {
        "n": 102204,
        "RMSE": 18.60693429967308,
        "MAE": 14.876265755997101,
        "R2": -0.11742909722686634
      }
    }
  },
  "val_recording": {
    "overall": {
      "n": 1588,
      "RMSE": 21.774276889835388,
      "MAE": 16.092176307659006,
      "R2": 0.04897004735193511
    },
    "language": {
      "English": {
        "n": 1330,
        "RMSE": 19.62234618979786,
        "MAE": 14.951894246725212,
        "R2": 0.05451550396072247
      },
      "Tamil": {
        "n": 258,
        "RMSE": 30.55067462821791,
        "MAE": 21.970374528751815,
        "R2": -0.047350595540245566
      }
    },
    "gender": {
      "F": {
        "n": 699,
        "RMSE": 26.01942092433723,
        "MAE": 18.558819357417683,
        "R2": -0.11136715953081877
      },
      "M": {
        "n": 889,
        "RMSE": 17.736700986337336,
        "MAE": 14.15271231240443,
        "R2": -0.10349484484657356
      }
    }
  },
  "test_frame": {
    "overall": {
      "n": 189504,
      "RMSE": 15.09526928007889,
      "MAE": 11.328446635158027,
      "R2": -0.09515749312082811
    },
    "language": {
      "English": {
        "n": 146195,
        "RMSE": 14.7897718637389,
        "MAE": 11.023725331779168,
        "R2": -0.14780066105667267
      },
      "Tamil": {
        "n": 43309,
        "RMSE": 16.08371715107156,
        "MAE": 12.35707188504771,
        "R2": -0.09222047174732562
      }
    },
    "gender": {
      "F": {
        "n": 62979,
        "RMSE": 16.262088346391455,
        "MAE": 12.321009219545505,
        "R2": -0.3215578172623397
      },
      "M": {
        "n": 126525,
        "RMSE": 14.479466685199561,
        "MAE": 10.834389342116028,
        "R2": -0.5013252418949021
      }
    }
  },
  "test_recording": {
    "overall": {
      "n": 1421,
      "RMSE": 15.994125185828098,
      "MAE": 11.966529856929471,
      "R2": -0.053270029604970626
    },
    "language": {
      "English": {
        "n": 1104,
        "RMSE": 15.671105269221213,
        "MAE": 11.697066970493482,
        "R2": -0.11070910584163562
      },
      "Tamil": {
        "n": 317,
        "RMSE": 17.071447645794684,
        "MAE": 12.904974735873731,
        "R2": -0.04938383632979426
      }
    },
    "gender": {
      "F": {
        "n": 502,
        "RMSE": 15.922799619265113,
        "MAE": 11.716906847706829,
        "R2": -0.20821382599929517
      },
      "M": {
        "n": 919,
        "RMSE": 16.03295248332128,
        "MAE": 12.10288540712508,
        "R2": -0.3468543340619066
      }
    }
  }
}