{
  "train_frame": {
    "overall": {
      "n": 868421,
      "RMSE": 15.452900150541536,
      "MAE": 11.884061322702898,
      "R2": 0.1239761463557073
    },
    "language": {
      "English": {
        "n": 424729,
        "RMSE": 16.794594981130796,
        "MAE": 12.726814519866489,
        "R2": 0.08948841835024657
      },
      "Tamil": {
        "n": 443692,
        "RMSE": 14.04902090814317,
        "MAE": 11.07732664486761,
        "R2": 0.09385411471359129
      }
    },
    "gender": {
      "F": {
        "n": 355953,
        "RMSE": 15.267859351938364,
        "MAE": 11.213732135859072,
        "R2": -0.05274455641840392
      },
      "M": {
        "n": 512468,
        "RMSE": 15.580133545383482,
        "MAE": 12.349662462763586,
        "R2": 0.07075547809148053
      }
    }
  },
  "train_recording": {
    "overall": {
      "n": 7025,
      "RMSE": 16.543017687990332,
      "MAE": 12.677032855159448,
      "R2": 0.06495108876676425
    },
    "language": {
      "English": {
        "n": 3656,
        "RMSE": 17.857195618370913,
        "MAE": 13.489270544156465,
        "R2": 0.028494411306499212
      },
      "Tamil": {
        "n": 3369,
        "RMSE": 14.98706882788162,
        "MAE": 11.795601869414984,
        "R2": 0.03571431748719467
      }
    },
    "gender": {
      "F": {
        "n": 2959,
        "RMSE": 16.379626928280093,
        "MAE": 11.97629227659194,
        "R2": -0.08358535971069259
      },
      "M": {
        "n": 4066,
        "RMSE": 16.6609167227876,
        "MAE": 13.186991382454394,
        "R2": 0.0173438089092689
      }
    }
  },
  "val_frame": {
    "overall": {
      "n": 194387,
      "RMSE": 21.861866284972603,
      "MAE": 15.79623715181498,
      "R2": 0.004824925066994057
    },
    "language": {
      "English": {
        "n": 86271,
        "RMSE": 20.215778810514944,
        "MAE": 14.822664195444307,
        "R2": -0.02069239416612123
      },
      "Tamil": {
        "n": 108116,
        "RMSE": 23.09133800895703,
        "MAE": 16.573098231757395,
        "R2": 0.0019986875767401546
      }
    },
    "gender": {
      "F": {
        "n": 92183,
        "RMSE": 24.821725711212647,
        "MAE": 16.65786356716107,
        "R2": -0.11972415042119722
      },
      "M": {
        "n": 102204,
        "RMSE": 18.79660691603199,
        "MAE": 15.01909234490088,
        "R2": -0.14032657699557594
      }
    }
  },
  "val_recording": {
    "overall": {
      "n": 1588,
      "RMSE": 22.28245613371734,
      "MAE": 16.143031857776403,
      "R2": 0.00406078467852844
    },
    "language": {
      "English": {
        "n": 785,
        "RMSE": 20.616712857792646,
        "MAE": 15.072823727358678,
        "R2": -0.010511142460464251
      },
      "Tamil": {
        "n": 803,
        "RMSE": 23.798425009180406,
        "MAE": 17.189250266715273,
        "R2": 0.001089748904104848
      }
    },
    "gender": {
      "F": {
        "n": 699,
        "RMSE": 26.654825536514814,
        "MAE": 18.349074815305347,
        "R2": -0.16630998632393923
      },
      "M": {
        "n": 889,
        "RMSE": 18.11813317739912,
        "MAE": 14.408471647075915,
        "R2": -0.1514670497837558
      }
    }
  },
  "test_frame": {
    "overall": {
      "n": 189504,
      "RMSE": 14.47999061963909,
      "MAE": 10.870964107300855,
      "R2": -0.007700352888270645
    },
    "language": {
      "English": {
        "n": 89745,
        "RMSE": 14.29020659274206,
        "MAE": 10.451532782639054,
        "R2": -0.023036717393944528
      },
      "Tamil": {
        "n": 99759,
        "RMSE": 14.648622955944141,
        "MAE": 11.248292110105348,
        "R2": -0.03386562552462857
      }
    },
    "gender": {
      "F": {
        "n": 62979,
        "RMSE": 16.69548827398368,
        "MAE": 12.154299343023544,
        "R2": -0.39293799755888315
      },
      "M": {
        "n": 126525,
        "RMSE": 13.239723903003876,
        "MAE": 10.232172012374326,
        "R2": -0.2552421428061895
      }
    }
  },
  "test_recording": {
    "overall": {
      "n": 1421,
      "RMSE": 15.681452437919797,
      "MAE": 11.947072624405196,
      "R2": -0.012491335058465669
    },
    "language": {
      "English": {
        "n": 712,
        "RMSE": 14.914455269581056,
        "MAE": 11.191740014579858,
        "R2": -0.006963791663379348
      },
      "Tamil": {
        "n": 709,
        "RMSE": 16.415669990024263,
        "MAE": 12.705601281944888,
        "R2": -0.03360807992129411
      }
    },
    "gender": {
      "F": {
        "n": 502,
        "RMSE": 16.202149687348317,
        "MAE": 11.49489657337447,
        "R2": -0.2509795840179696
      },
      "M": {
        "n": 919,
        "RMSE": 15.389585359437746,
        "MAE": 12.194071947166268,
        "R2": -0.24093048840782538
      }
    }
  }
}