{
  "overall": {
    "n": 1570,
    "RMSE": 15.61985706376287,
    "MAE": 11.911622047424316,
    "R2": 0.0097733736038208
  },
  "language": {
    "English": {
      "n": 785,
      "RMSE": 17.741026423369295,
      "MAE": 13.011836051940918,
      "R2": -0.026319026947021484
    },
    "Tamil": {
      "n": 785,
      "RMSE": 13.161149877152345,
      "MAE": 10.811405181884766,
      "R2": -0.14107286930084229
    }
  },
  "gender": {
    "F": {
      "n": 571,
      "RMSE": 18.872682138570436,
      "MAE": 14.73929500579834,
      "R2": -0.007570743560791016
    },
    "M": {
      "n": 999,
      "RMSE": 13.410841220126548,
      "MAE": 10.295402526855469,
      "R2": -0.02861487865447998
    }
  }
}