model,n,RMSE,MAE,R2
mean_predictor,189504,14.458177330142862,10.956288810918057,-0.004666552199322549
