{
  "train_frame": {
    "overall": {
      "n": 890433,
      "RMSE": 8.840479300898432,
      "MAE": 6.797448810259114,
      "R2": 0.7512258932811915
    },
    "language": {
      "English": {
        "n": 722676,
        "RMSE": 8.70733433372949,
        "MAE": 6.656739462520504,
        "R2": 0.7468143669403752
      },
      "Tamil": {
        "n": 167757,
        "RMSE": 9.39249722119992,
        "MAE": 7.403606935323038,
        "R2": 0.7632062249899605
      }
    },
    "gender": {
      "F": {
        "n": 369253,
        "RMSE": 9.417249436036345,
        "MAE": 7.241423699367239,
        "R2": 0.6783839314824355
      },
      "M": {
        "n": 521180,
        "RMSE": 8.4079288331808,
        "MAE": 6.48289518247631,
        "R2": 0.7430534635764495
      }
    }
  },
  "train_recording": {
    "overall": {
      "n": 7133,
      "RMSE": 9.852171739900852,
      "MAE": 7.510577322840774,
      "R2": 0.7091928247302028
    },
    "language": {
      "English": {
        "n": 5893,
        "RMSE": 9.67190005618283,
        "MAE": 7.318609428308663,
        "R2": 0.703556960127462
      },
      "Tamil": {
        "n": 1240,
        "RMSE": 10.667337080951956,
        "MAE": 8.422889260322817,
        "R2": 0.7253917301133903
      }
    },
    "gender": {
      "F": {
        "n": 2954,
        "RMSE": 10.333649007534659,
        "MAE": 7.9057133519011895,
        "R2": 0.6533885256478411
      },
      "M": {
        "n": 4179,
        "RMSE": 9.497117000623575,
        "MAE": 7.231268437977298,
        "R2": 0.6867626047273813
      }
    }
  },
  "val_frame": {
    "overall": {
      "n": 153965,
      "RMSE": 17.54731024415468,
      "MAE": 13.622418077016889,
      "R2": 0.005333327127322374
    },
    "language": {
      "English": {
        "n": 124128,
        "RMSE": 17.471334895028985,
        "MAE": 13.531043579665063,
        "R2": -0.010886967279749138
      },
      "Tamil": {
        "n": 29837,
        "RMSE": 17.859914409754694,
        "MAE": 14.002554605732488,
        "R2": -0.6490788297787087
      }
    },
    "gender": {
      "F": {
        "n": 77760,
        "RMSE": 18.608262547304836,
        "MAE": 14.811660296534315,
        "R2": -0.44311051706537197
      },
      "M": {
        "n": 76205,
        "RMSE": 16.394084837867815,
        "MAE": 12.408908792984672,
        "R2": -0.08298472445789029
      }
    }
  },
  "val_recording": {
    "overall": {
      "n": 1331,
      "RMSE": 17.808418952209763,
      "MAE": 13.749934588402935,
      "R2": 0.02067280017759998
    },
    "language": {
      "English": {
        "n": 1073,
        "RMSE": 17.505366511652074,
        "MAE": 13.382763541755782,
        "R2": 0.01955486060562872
      },
      "Tamil": {
        "n": 258,
        "RMSE": 19.01705011774477,
        "MAE": 15.276967662249424,
        "R2": -0.5828101384018758
      }
    },
    "gender": {
      "F": {
        "n": 635,
        "RMSE": 18.38187684768456,
        "MAE": 14.497184873565914,
        "R2": -0.43192668105147347
      },
      "M": {
        "n": 696,
        "RMSE": 17.268615969521832,
        "MAE": 13.068176066738436,
        "R2": -0.048452321540885857
      }
    }
  },
  "test_frame": {
    "overall": {
      "n": 207914,
      "RMSE": 15.387416795920354,
      "MAE": 11.396628346181679,
      "R2": -0.16716390639551704
    },
    "language": {
      "English": {
        "n": 160192,
        "RMSE": 15.710216740570937,
        "MAE": 11.504312048756596,
        "R2": -0.1452412410690267
      },
      "Tamil": {
        "n": 47722,
        "RMSE": 14.2504819695741,
        "MAE": 11.035158422815496,
        "R2": -0.27152482274311107
      }
    },
    "gender": {
      "F": {
        "n": 64102,
        "RMSE": 18.957985435855072,
        "MAE": 14.414379131060889,
        "R2": -0.09234199214770311
      },
      "M": {
        "n": 143812,
        "RMSE": 13.494850208863935,
        "MAE": 10.051512077634358,
        "R2": -0.32476763495608685
      }
    }
  },
  "test_recording": {
    "overall": {
      "n": 1570,
      "RMSE": 16.18296750276652,
      "MAE": 11.844703234532837,
      "R2": -0.06291074742653646
    },
    "language": {
      "English": {
        "n": 1249,
        "RMSE": 16.548821439308274,
        "MAE": 12.032748617106575,
        "R2": -0.04633336086426776
      },
      "Tamil": {
        "n": 321,
        "RMSE": 14.672897228755177,
        "MAE": 11.113025094861182,
        "R2": -0.1612085694887062
      }
    },
    "gender": {
      "F": {
        "n": 571,
        "RMSE": 19.539501538557385,
        "MAE": 14.639946304561795,
        "R2": -0.08002867839106309
      },
      "M": {
        "n": 999,
        "RMSE": 13.905211273596759,
        "MAE": 10.24702176007184,
        "R2": -0.1058493583718334
      }
    }
  }
}