{
  "overall": {
    "n": 1331,
    "RMSE": 17.89112968957505,
    "MAE": 13.826920489992618,
    "R2": 0.011554755699611063
  },
  "gender": {
    "F": {
      "n": 635,
      "RMSE": 17.3428873612375,
      "MAE": 13.662783441017933,
      "R2": -0.2746292604452534
    },
    "M": {
      "n": 696,
      "RMSE": 18.377059272481596,
      "MAE": 13.976671964272686,
      "R2": -0.18736885985574836
    }
  },
  "language": {
    "English": {
      "n": 1073,
      "RMSE": 17.129084468805946,
      "MAE": 13.101899451889507,
      "R2": 0.06125165637893659
    },
    "Tamil": {
      "n": 258,
      "RMSE": 20.762500431291986,
      "MAE": 16.842221163964087,
      "R2": -0.8866955724611651
    }
  }
}