{
  "overall": {
    "n": 1331,
    "RMSE": 17.850417085791545,
    "MAE": 13.748811721801758,
    "R2": 0.016048192977905273
  },
  "gender": {
    "F": {
      "n": 635,
      "RMSE": 17.14651808022231,
      "MAE": 13.547675132751465,
      "R2": -0.24592804908752441
    },
    "M": {
      "n": 696,
      "RMSE": 18.469235796275857,
      "MAE": 13.932319641113281,
      "R2": -0.19931018352508545
    }
  },
  "language": {
    "English": {
      "n": 754,
      "RMSE": 18.436280084112514,
      "MAE": 14.243772506713867,
      "R2": 0.07513594627380371
    },
    "Tamil": {
      "n": 577,
      "RMSE": 17.054529137778275,
      "MAE": 13.102017402648926,
      "R2": -0.3382425308227539
    }
  }
}